customer_id,full_name,email,balance
1,Karen Al-Nusif,karen.al-nusif1@icloud.com,305.33
2,Aroha Shafodah,aroha.shafodah2@gmail.com,57.41
3,Thomas Mangal,thomas.mangal3@gmail.com,225.51
4,Sina Qemal,sina.qemal4@gmail.com,125.92
5,Jun Wei Usenov,jun wei.usenov5@icloud.com,480.64
6,Tamba Merkman,tamba.merkman6@yahoo.com,28.22
7,Sibusisiwe Ganchev,sibusisiwe.ganchev7@gmail.com,89.92
8,Christine Pranoto,christine.pranoto8@icloud.com,363.85
9,Erkki Toc,erkki.toc9@icloud.com,96.75
10,Olga Rana,olga.rana10@gmail.com,65.69
11,Huda Bellini,huda.bellini11@icloud.com,96.42
12,Grégoire Bos,grégoire.bos12@icloud.com,221.46
13,Roberto Yayra,roberto.yayra13@gmail.com,135.19
14,Florence Otieno,florence.otieno14@gmail.com,415.11
15,Pilar Poulsen,pilar.poulsen15@live.com,12.47
16,Panda Oshima,panda.oshima16@proton.me,204.91
17,Emilio Strömholm,emilio.strömholm17@icloud.com,191.36
18,Norberto McCoy,norberto.mccoy18@gmail.com,177.2
19,Yulianna Mazumdar,yulianna.mazumdar19@icloud.com,165.42
20,Zara Cvetanovski,zara.cvetanovski20@icloud.com,422.43
21,Salah Romney,salah.romney21@gmail.com,200.46
22,Nashipai Mohamed,nashipai.mohamed22@gmail.com,212.11
23,Anika Gache,anika.gache23@icloud.com,269.5
24,Essè Mani,essè.mani24@icloud.com,270.59
25,Allan Wolff,allan.wolff25@icloud.com,202.61
26,Sihem Yamashita,sihem.yamashita26@icloud.com,389.39
27,Olivér Al Serkal,olivér.al serkal27@icloud.com,240.76
28,Andrias Hassan,andrias.hassan28@gmail.com,115.79
29,Tingting Zurita,tingting.zurita29@gmail.com,268.37
30,Pasquale Araya,pasquale.araya30@gmail.com,247.46
31,Christopher Koch,christopher.koch31@gmail.com,18.64
32,Sonia Valmond,sonia.valmond32@gmail.com,285.85
33,Siphokazi Reeves,siphokazi.reeves33@gmail.com,393.95
34,Gabriella Koivogui,gabriella.koivogui34@gmail.com,163.78
35,Jasmine Boueiz,jasmine.boueiz35@gmail.com,460.85
36,Ella Teabuge,ella.teabuge36@icloud.com,378.28
37,Ama Kérékou,ama.kérékou37@verizon.net,74.53
38,Ronan Viscarra,ronan.viscarra38@outlook.com,392.27
39,Khama Hamlet,khama.hamlet39@gmail.com,385.82
40,Thanh Al-Huthi,thanh.al-huthi40@gmail.com,116.42
41,Inunnguaq Kelmendi,inunnguaq.kelmendi41@gmail.com,244.83
42,Zara Khan,zara.khan42@gmail.com,214.23
43,Younoussa Kéita,younoussa.kéita43@icloud.com,279.29
44,Sara Hale,sara.hale44@hotmail.com,208.96
45,Fawzia Yan,fawzia.yan45@me.com,225.26
46,Melika Jeewon,melika.jeewon46@gmail.com,264.72
47,Derek Baker,derek.baker47@gmail.com,187.96
48,Camilo Mukakalisa,camilo.mukakalisa48@gmail.com,102.87
49,Henri Matviyenko,henri.matviyenko49@gmail.com,145.61
50,Aracely Prins,aracely.prins50@gmail.com,349.64
51,Nicolas Sharp,nicolas.sharp51@yahoo.com,200.43
52,Nargiza Vanderstraeten,nargiza.vanderstraeten52@yahoo.com,152.44
53,Lene Bissessar,lene.bissessar53@yahoo.com,418.36
54,Joan Heng,joan.heng54@gmail.com,191.42
55,Konkana Henríquez,konkana.henríquez55@icloud.com,283.06
56,Angeline Leulumoega,angeline.leulumoega56@gmail.com,354.15
57,Octavia Baptista,octavia.baptista57@gmail.com,258.05
58,Carol Marsenić,carol.marsenić58@gmail.com,1.1
59,Grace Patrick,grace.patrick59@yahoo.com,154.73
60,Okello Lai,okello.lai60@outlook.com,290.72
61,Nkemdilim Giuliani,nkemdilim.giuliani61@icloud.com,49.76
62,Olivia Elimelech,olivia.elimelech62@icloud.com,187.44
63,Monica Rogers,monica.rogers63@gmail.com,65.29
64,Chimi Dema Sobchuk,chimi dema.sobchuk64@icloud.com,273.69
65,Destiny Chandler,destiny.chandler65@gmail.com,11.04
66,Jihad Testa,jihad.testa66@gmail.com,240.12
67,Laura Santana,laura.santana67@gmail.com,195.23
68,Teodoro Talibov,teodoro.talibov68@icloud.com,1.76
69,Haitham Roth,haitham.roth69@gmail.com,46.25
70,Tashko Warren,tashko.warren70@gmail.com,33.48
71,Nazim Boisfer,nazim.boisfer71@gmail.com,293.43
72,Filsan Korowi,filsan.korowi72@gmail.com,255.17
73,Colm Araújo,colm.araújo73@yahoo.com,366.43
74,Mele Richardson,mele.richardson74@gmail.com,483.74
75,Tariro Vargas,tariro.vargas75@gmail.com,431.93
76,Julien Chaudhary,julien.chaudhary76@gmail.com,23.35
77,Heghine Mihăilescu,heghine.mihăilescu77@gmail.com,284.83
78,Chaltu Zéphir,chaltu.zéphir78@gmail.com,504.5
79,Siwar Argyropoulos,siwar.argyropoulos79@icloud.com,175.37
80,Abkar Guillot,abkar.guillot80@outlook.com,221.07
81,Miguel Pelep,miguel.pelep81@icloud.com,235.74
82,Hildigunn Paing,hildigunn.paing82@gmail.com,401.39
83,Peter Basuki,peter.basuki83@gmail.com,272.45
84,Salma Munir,salma.munir84@me.com,256.03
85,Roel Quennesson,roel.quennesson85@gmail.com,263.89
86,George Abdelaziz,george.abdelaziz86@aol.com,41.81
87,Souad Nur,souad.nur87@gmail.com,201.3
88,María Johannes,maría.johannes88@icloud.com,255.02
89,Germaine Wüthrich,germaine.wüthrich89@gmail.com,84.25
90,Jiro Mtuy,jiro.mtuy90@icloud.com,223.97
91,Megan Muñoz,megan.muñoz91@icloud.com,29.84
92,François Rasmussen,françois.rasmussen92@gmail.com,79.31
93,Ian Driouch,ian.driouch93@gmail.com,228.15
94,Louis Valent,louis.valent94@icloud.com,326.66
95,Erika Mehra,erika.mehra95@gmail.com,245.67
96,Cornelia Gebran,cornelia.gebran96@outlook.com,207.18
97,Foteini Jordan,foteini.jordan97@gmail.com,244.79
98,Teklu Chia,teklu.chia98@live.com,419.61
99,Andri Sims,andri.sims99@icloud.com,127.03
100,Karina Tlhale,karina.tlhale100@gmail.com,83.82
101,Godknows Diallo,godknows.diallo101@icloud.com,54.92
102,Maja Voisin,maja.voisin102@outlook.com,215.21
103,Jordan Maillard,jordan.maillard103@hotmail.com,406.39
104,Dorcas Gunnarsson,dorcas.gunnarsson104@gmail.com,179.41
105,Valentín Makarios,valentín.makarios105@gmail.com,217.65
106,Ayana Fanon,ayana.fanon106@gmail.com,194.39
107,David Lundh,david.lundh107@yahoo.com,242.83
108,Raymond Díaz,raymond.díaz108@icloud.com,292.94
109,Irena Tamate,irena.tamate109@yahoo.com,438.1
110,Tomás Alumäe,tomás.alumäe110@gmail.com,62.23
111,Yoon-gi Herrera,yoon-gi.herrera111@gmail.com,112.37
112,Felicia Lin,felicia.lin112@gmail.com,276.63
113,Marek Árnason,marek.árnason113@icloud.com,251.79
114,Mostafa Larsen,mostafa.larsen114@gmail.com,100.55
115,Théophile Clarke,théophile.clarke115@gmail.com,328.18
116,Cihan Lewney,cihan.lewney116@live.com,239.78
117,Florence Ríos,florence.ríos117@gmail.com,276.25
118,Zaher Ferraro,zaher.ferraro118@gmail.com,99.3
119,Dodo Ismail,dodo.ismail119@icloud.com,262.63
120,Winston Richards,winston.richards120@icloud.com,359.85
121,Nyuiemedi Mukasine,nyuiemedi.mukasine121@proton.me,258.92
122,Dorothy Masawe,dorothy.masawe122@gmail.com,310.9
123,Alfredo Pandovski,alfredo.pandovski123@gmail.com,447.07
124,Mizan Solis,mizan.solis124@gmail.com,324.62
125,Thant Win Lal,thant win.lal125@gmail.com,162.04
126,Trees Niyonzima,trees.niyonzima126@hotmail.com,84.7
127,Gerson Vesiloo,gerson.vesiloo127@icloud.com,246.98
128,Nancy Kelly,nancy.kelly128@gmail.com,300
129,Obaidullah Saavedra,obaidullah.saavedra129@icloud.com,283.34
130,Won-woo Mazza,won-woo.mazza130@icloud.com,253.66
131,Jonathan Panapa,jonathan.panapa131@gmail.com,291.46
132,Najma Nabil,najma.nabil132@icloud.com,159.8
133,Abraham Bai,abraham.bai133@outlook.com,8.68
134,Yi Jie Mouity,yi jie.mouity134@gmail.com,154.56
135,Chantal Romero,chantal.romero135@icloud.com,328.41
136,Alistair Fortuné,alistair.fortuné136@gmail.com,230.17
137,Liam Mahumane,liam.mahumane137@icloud.com,312.89
138,Françoise Hill,françoise.hill138@icloud.com,171.25
139,Yanis Kandelaki,yanis.kandelaki139@icloud.com,509.24
140,Abdullah Bogdanovski,abdullah.bogdanovski140@icloud.com,100.71
141,Nicholas Youssefi,nicholas.youssefi141@icloud.com,136.93
142,Tahiry Cordova,tahiry.cordova142@icloud.com,382.02
143,Christopher Barry,christopher.barry143@netzero.net,253.66
144,Lua Fotu,lua.fotu144@gmail.com,216.69
145,Bedřich Sutton,bedřich.sutton145@me.com,84.33
146,Françoise Bayaraa,françoise.bayaraa146@hotmail.com,80.74
147,Lázaro Margaryan,lázaro.margaryan147@icloud.com,160.1
148,Zdravko Légier,zdravko.légier148@icloud.com,207.35
149,Hui Pierce,hui.pierce149@icloud.com,189.48
150,Daniel Gutierrez,daniel.gutierrez150@gmail.com,80.33
151,Matthew Simmonds,matthew.simmonds151@gmail.com,262.43
152,Océane Mitchell,océane.mitchell152@gmail.com,171.73
153,Vesa Morrison,vesa.morrison153@gmail.com,277.82
154,Jan Robnik,jan.robnik154@gmail.com,165.41
155,Julius Kelly,julius.kelly155@fastmail.com,585.93
156,Teuira Burduja,teuira.burduja156@gmail.com,369.64
157,Hassan Carbon,hassan.carbon157@gmail.com,446.36
158,Nancy Söýünov,nancy.söýünov158@icloud.com,365.19
159,Bashir Daroueche,bashir.daroueche159@icloud.com,290.63
160,Michelle Arias,michelle.arias160@icloud.com,25.7
161,Petelo Maldonado,petelo.maldonado161@gmail.com,413.08
162,Fátima Saint-Hilaire,fátima.saint-hilaire162@yahoo.com,335.64
163,Oskar Santiago,oskar.santiago163@icloud.com,245.96
164,Astrid Pompée,astrid.pompée164@gmail.com,129.29
165,Celeste Al-Hissi,celeste.al-hissi165@hotmail.com,25.84
166,Donkor Soliai,donkor.soliai166@icloud.com,205
167,Tim Nnadi,tim.nnadi167@icloud.com,100.47
168,Jacqueline Atali,jacqueline.atali168@icloud.com,345.28
169,Zeinab Manbodh,zeinab.manbodh169@icloud.com,274.91
170,Tomás Ramirez,tomás.ramirez170@hotmail.com,115.11
171,Fartun McCabe,fartun.mccabe171@gmail.com,202.44
172,Petros Erickson,petros.erickson172@gmail.com,280.81
173,Sefa Yahiaoui,sefa.yahiaoui173@icloud.com,109.51
174,Margaret Scott,margaret.scott174@gmail.com,309.77
175,Shahab Khuon,shahab.khuon175@gmail.com,257.74
176,Miloslav Joell,miloslav.joell176@icloud.com,241.66
177,Laura Sikazwe,laura.sikazwe177@gmail.com,163.75
178,Aleix Campos,aleix.campos178@gmail.com,342.16
179,Olivia Farkas,olivia.farkas179@gmail.com,173.26
180,Sadiq Čolak,sadiq.čolak180@gmail.com,450.14
181,Tamara Gregorič,tamara.gregorič181@icloud.com,330.6
182,Gabriela Lisnic,gabriela.lisnic182@gmail.com,251.87
183,Nicola Tanin,nicola.tanin183@icloud.com,236.56
184,Samar Gobbi,samar.gobbi184@gmail.com,293.58
185,Ilídio Peñaranda,ilídio.peñaranda185@gmail.com,58.8
186,Zahrah Edwards,zahrah.edwards186@outlook.com,60.57
187,Vaike Radcliffe,vaike.radcliffe187@yahoo.com,261.76
188,Shui Beyene,shui.beyene188@gmail.com,357.3
189,Dennis Stroop,dennis.stroop189@gmail.com,234.09
190,Eric McCoy,eric.mccoy190@icloud.com,328.17
191,Wilson Sandström,wilson.sandström191@gmail.com,209.55
192,Ranko Al-Tarawneh,ranko.al-tarawneh192@gmail.com,280.03
193,Ansah Mitt,ansah.mitt193@gmail.com,300.87
194,Enkhmunkh Slim,enkhmunkh.slim194@gmail.com,284.73
195,David Delić,david.delić195@gmail.com,193.97
196,Yoel Abdallah,yoel.abdallah196@gmail.com,71.1
197,Elias Borg,elias.borg197@icloud.com,233.35
198,Amal Dumont,amal.dumont198@gmail.com,287.91
199,Belen Asanaliev,belen.asanaliev199@gmail.com,383.8
200,Kimberly Tekalign,kimberly.tekalign200@icloud.com,27.06
201,Shanice Kreidi,shanice.kreidi201@icloud.com,155.21
202,Kwarteng O'Connor,kwarteng.o'connor202@gmail.com,252.24
203,Ibrokhim Sarr,ibrokhim.sarr203@protonmail.com,41.37
204,Nicholas Merino,nicholas.merino204@gmail.com,135.91
205,Liset Bekele,liset.bekele205@gmail.com,145.27
206,Gaël Setene,gaël.setene206@gmail.com,158.2
207,Fatima Lambert,fatima.lambert207@gmail.com,72.17
208,Aurélia Borrel,aurélia.borrel208@gmail.com,262.04
209,Ayuk Freeman,ayuk.freeman209@comcast.net,182.51
210,Toleafoa Shaikh,toleafoa.shaikh210@icloud.com,219.57
211,Scott Rekik,scott.rekik211@yahoo.com,22.16
212,Karina Al-Qaragholi,karina.al-qaragholi212@gmail.com,281.51
213,Mereana West,mereana.west213@gmail.com,215.39
214,Daniel Bansal,daniel.bansal214@gmail.com,208.22
215,Young-jae Sedláček,young-jae.sedláček215@yahoo.com,148.32
216,Asato Suárez,asato.suárez216@icloud.com,52.95
217,Édgar Ngonyani,édgar.ngonyani217@gmail.com,232.8
218,Grani Tuikalepa,grani.tuikalepa218@gmail.com,96.55
219,Abbos Quarcoo,abbos.quarcoo219@hotmail.com,114.15
220,Carol Suárez,carol.suárez220@me.com,39.17
221,Jude Cobb,jude.cobb221@gmail.com,237.22
222,Audrey Cakobau,audrey.cakobau222@me.com,426.19
223,Sai Min Hart,sai min.hart223@gmail.com,143.35
224,Intissar Musoni,intissar.musoni224@gmail.com,261.77
225,Neibu Gray,neibu.gray225@yahoo.com,329.44
226,Sarah Soroses,sarah.soroses226@icloud.com,132.25
227,Ana Moe,ana.moe227@gmail.com,248.45
228,Bianca Jakupi,bianca.jakupi228@gmail.com,351.97
229,Bienvenu Colvill,bienvenu.colvill229@gmail.com,254.02
230,Ziyad Milani,ziyad.milani230@gmail.com,42.89
231,Bogdan Sánchez,bogdan.sánchez231@icloud.com,241.72
232,Ali Courtar,ali.courtar232@gmail.com,147.77
233,Hussein Falk,hussein.falk233@gmail.com,118.5
234,Dmitri Matšoele,dmitri.matšoele234@outlook.com,460.5
235,Guillermo Marín,guillermo.marín235@icloud.com,215.31
236,鈺涵 Hila,鈺涵.hila236@hotmail.com,47.47
237,Pooja Newman,pooja.newman237@icloud.com,282.31
238,Claire Nicholson,claire.nicholson238@icloud.com,140.02
239,Sarah Uane,sarah.uane239@icloud.com,253.47
240,Rahim Oleksenko,rahim.oleksenko240@gmail.com,284.33
241,Doris Truideman,doris.truideman241@aol.com,141.58
242,Ahlam Galang,ahlam.galang242@icloud.com,60.03
243,Sanjida Kasu,sanjida.kasu243@gmail.com,564.62
244,Olivia Lyons,olivia.lyons244@icloud.com,91.25
245,Hafsa Cini,hafsa.cini245@icloud.com,142.43
246,Kayque Barros,kayque.barros246@icloud.com,257.56
247,Adam Shilov,adam.shilov247@gmail.com,522.04
248,Duaij Carroll,duaij.carroll248@yahoo.com,359
249,Colette Marechal,colette.marechal249@gmail.com,229.19
250,Trevor Naran,trevor.naran250@icloud.com,233.94
251,Alfredo Fiore,alfredo.fiore251@gmail.com,163.42
252,Araceli Tairea,araceli.tairea252@icloud.com,41.11
253,Gordana Samuelu,gordana.samuelu253@hotmail.com,138.84
254,Khin Than Ntim,khin than.ntim254@gmail.com,64.88
255,Emil Arumugam,emil.arumugam255@gmail.com,103.96
256,Beatriz Wasilewski,beatriz.wasilewski256@icloud.com,33.19
257,Benjamin Ela,benjamin.ela257@hotmail.com,61.61
258,Benjamín Moussounda,benjamín.moussounda258@outlook.com,295.68
259,Lourdes Hernandez,lourdes.hernandez259@gmail.com,377.23
260,Veranika Šehić,veranika.šehić260@gmail.com,382.51
261,Riduan Fahie,riduan.fahie261@gmail.com,37.14
262,Patrícia Berhanu,patrícia.berhanu262@gmail.com,197.06
263,Lior Theophile,lior.theophile263@gmail.com,139.36
264,Amel Edjang,amel.edjang264@outlook.com,43.59
265,Siva Jansen,siva.jansen265@hotmail.com,97.61
266,Jadranko Molina,jadranko.molina266@icloud.com,233.38
267,Brodie Fabien,brodie.fabien267@gmail.com,562.64
268,Agustín Yusuf,agustín.yusuf268@yahoo.com,469.89
269,Hasan Bells,hasan.bells269@gmail.com,135.86
270,Karim Samy,karim.samy270@icloud.com,414.43
271,Telmo Ghosh,telmo.ghosh271@gmail.com,262.42
272,Mohammed Gómez,mohammed.gómez272@me.com,201.07
273,Oloya Djabaté,oloya.djabaté273@icloud.com,418.38
274,Sipho Guardia,sipho.guardia274@gmail.com,342.06
275,Brenda Ooft,brenda.ooft275@gmail.com,156.86
276,Valentin Dias,valentin.dias276@hotmail.com,504.76
277,Raghad Hafez,raghad.hafez277@yahoo.com,141.1
278,Céline Lyubimov,céline.lyubimov278@hotmail.com,127.19
279,Mawa Furrer,mawa.furrer279@yahoo.com,207.57
280,Emerson Melnikov,emerson.melnikov280@icloud.com,243.02
281,Aarav Tan,aarav.tan281@gmail.com,475.41
282,Amélie Bentaleb,amélie.bentaleb282@icloud.com,62.77
283,Noëlle Mejía,noëlle.mejía283@gmail.com,209.84
284,Clémence Manmohan,clémence.manmohan284@gmail.com,188.75
285,Paul Sefara,paul.sefara285@gmail.com,157.09
286,Charles Roopnarinesingh,charles.roopnarinesingh286@gmail.com,113.07
287,Bekzat Aydın,bekzat.aydın287@icloud.com,457.33
288,Alejandro Ramadan,alejandro.ramadan288@gmail.com,253.07
289,Orla Brady,orla.brady289@gmail.com,423.65
290,Ye Win Al-Mahruqi,ye win.al-mahruqi290@outlook.com,391.17
291,Stephen Khan,stephen.khan291@gmail.com,337.44
292,Roshni Pichevin,roshni.pichevin292@icloud.com,70.85
293,Fedelia Carpenter,fedelia.carpenter293@gmail.com,324.89
294,Karen Pires,karen.pires294@gmail.com,326.23
295,Marcus Vega,marcus.vega295@gmail.com,6.03
296,Agnes Johnston,agnes.johnston296@gmail.com,51.99
297,Armando Chun,armando.chun297@gmail.com,238.76
298,Gunesh Simmons,gunesh.simmons298@icloud.com,328.98
299,Yordanka McKay,yordanka.mckay299@gmail.com,401.08
300,Alexis Linden,alexis.linden300@hotmail.com,273.02
301,Maher Barbosa,maher.barbosa301@gmail.com,195.41
302,Joan Felida,joan.felida302@gmail.com,259.48
303,Filip Franklin,filip.franklin303@icloud.com,53.11
304,Raphaël Ouk,raphaël.ouk304@gmail.com,8.89
305,Krista Aponte,krista.aponte305@icloud.com,111.73
306,Nicole Gesare,nicole.gesare306@icloud.com,76.61
307,Hannah Córdoba,hannah.córdoba307@hotmail.com,305.75
308,Joanne Browne,joanne.browne308@yahoo.com,348.89
309,Tarig Özkan,tarig.özkan309@gmail.com,412.46
310,Wing Yan Loucas,wing yan.loucas310@gmail.com,129.63
311,Issam Thomas,issam.thomas311@gmail.com,190.71
312,Véronique Zambrano,véronique.zambrano312@me.com,212.93
313,Anisi Bally,anisi.bally313@gmail.com,299.71
314,Ching Man Okieh,ching man.okieh314@icloud.com,90.03
315,Hannelore Salah,hannelore.salah315@yahoo.com,378.41
316,Matilda Rauf,matilda.rauf316@icloud.com,44.58
317,Ermias Timothy,ermias.timothy317@outlook.com,213.04
318,Arthur Ndubisi,arthur.ndubisi318@gmail.com,524.72
319,Teroronga Khethisa,teroronga.khethisa319@icloud.com,434.51
320,Delia Campàs,delia.campàs320@icloud.com,94.63
321,Lotte Hughes,lotte.hughes321@yahoo.com,277.31
322,Catarina Ívarsson,catarina.ívarsson322@gmail.com,303.74
323,Danilo Hamadi,danilo.hamadi323@gmail.com,175.24
324,Nina Cole,nina.cole324@icloud.com,361.44
325,Andriy Al-Obeidi,andriy.al-obeidi325@gmail.com,338.68
326,Eke Abecasis,eke.abecasis326@gmail.com,258.3
327,Hugo Lombardi,hugo.lombardi327@icloud.com,456.04
328,Liliya Kobenan,liliya.kobenan328@gmail.com,142.72
329,Jong-nam Fadida,jong-nam.fadida329@gmail.com,107.69
330,Gary Castro,gary.castro330@icloud.com,192.59
331,Hawa Ford,hawa.ford331@hotmail.com,268.35
332,Sylvie Appiagyei,sylvie.appiagyei332@me.com,347.63
333,Vera Murray,vera.murray333@gmail.com,361.01
334,Rinzin Mahase,rinzin.mahase334@gmail.com,214.99
335,Sarah Fagaima,sarah.fagaima335@protonmail.com,173.93
336,Hanieh Andreou,hanieh.andreou336@gmail.com,7.01
337,Valeria Ghazal,valeria.ghazal337@icloud.com,437.18
338,Robert Bougherara,robert.bougherara338@icloud.com,81.59
339,秀美 Zaouche,秀美.zaouche339@gmail.com,304.31
340,Chikondi Thibault,chikondi.thibault340@gmail.com,357.85
341,Adnan Howard,adnan.howard341@gmail.com,83.96
342,Lan Kassim,lan.kassim342@hotmail.com,189.38
343,Mupenda Anić,mupenda.anić343@gmail.com,6.03
344,Ayanda Sobirkhonov,ayanda.sobirkhonov344@gmail.com,7.75
345,Oratile Rowe,oratile.rowe345@gmail.com,162.83
346,Tsogtsaikhan Musa,tsogtsaikhan.musa346@gmail.com,177.59
347,Suhaila Chuquimamani,suhaila.chuquimamani347@icloud.com,394.06
348,Ryan Célestin,ryan.célestin348@outlook.com,457.17
349,Jane Luce,jane.luce349@gmail.com,67.75
350,Himanshu Al-Zaeem,himanshu.al-zaeem350@gmail.com,447.79
351,Reem Marsters,reem.marsters351@me.com,269.86
352,Ji-woon Mutombo,ji-woon.mutombo352@icloud.com,320.14
353,Upendo Hebala,upendo.hebala353@yahoo.com,104.75
354,Mackenzie Baeten,mackenzie.baeten354@gmail.com,155.98
355,Carla Fevrier,carla.fevrier355@gmail.com,445.93
356,Jasmine Kelly,jasmine.kelly356@gmail.com,201.16
357,Warsameh Softić,warsameh.softić357@gmail.com,72.46
358,Isa Ma,isa.ma358@yahoo.com,207.76
359,Elisabeth Grigalashvili,elisabeth.grigalashvili359@gmail.com,410.22
360,Maurice Matić,maurice.matić360@gmail.com,438.2
361,Esin Warner,esin.warner361@gmail.com,326.08
362,Abel Minteh,abel.minteh362@gmail.com,328.16
363,Khalifa Liburd,khalifa.liburd363@gmail.com,467.69
364,Nadir Phillip,nadir.phillip364@icloud.com,470.99
365,Josua Kebede,josua.kebede365@hotmail.com,233.96
366,Darío Nsengimana,darío.nsengimana366@hotmail.com,355.04
367,Odette Suri,odette.suri367@gmail.com,235.54
368,Nadia Torres,nadia.torres368@outlook.com,366.36
369,Marjan Andraos,marjan.andraos369@outlook.com,295.5
370,Pauline Wiremu,pauline.wiremu370@gmail.com,111.57
371,Joaquín Gharaibeh,joaquín.gharaibeh371@gmail.com,388.45
372,Lorna Ndunguru,lorna.ndunguru372@outlook.com,358.63
373,Rhys Gréaux-Questel,rhys.gréaux-questel373@outlook.com,288.34
374,Ilija Al-Shami,ilija.al-shami374@gmail.com,203.58
375,Christian Banks,christian.banks375@outlook.com,82.64
376,Vera Gyasi,vera.gyasi376@gmail.com,552.91
377,Eduardo Boyer,eduardo.boyer377@gmail.com,309.57
378,Svetlana Rrahmani,svetlana.rrahmani378@aol.com,134.26
379,Hernán Nyamedor,hernán.nyamedor379@gmail.com,242.58
380,Idalina Samadi,idalina.samadi380@gmail.com,162.54
381,Ikram Stevens,ikram.stevens381@icloud.com,138.93
382,Kaba Singye,kaba.singye382@gmail.com,259.49
383,Nicholas Tahirou,nicholas.tahirou383@icloud.com,389.84
384,Mbali Hilaire,mbali.hilaire384@gmail.com,183.47
385,Faly Muñoz,faly.muñoz385@gmail.com,285.84
386,Bertil Hadjidakis,bertil.hadjidakis386@icloud.com,199.05
387,Roger Maruyama,roger.maruyama387@gmail.com,263.04
388,Salif Hamidou,salif.hamidou388@outlook.com,249.63
389,Pia Palma,pia.palma389@gmail.com,301.79
390,Pierre Sutanto,pierre.sutanto390@gmail.com,238.81
391,Francisco Bergsdóttir,francisco.bergsdóttir391@icloud.com,73.65
392,Darren Kamal,darren.kamal392@gmail.com,121.43
393,Sombath Doppler,sombath.doppler393@gmail.com,183.96
394,Cleber Chiappe,cleber.chiappe394@icloud.com,121.38
395,Pio Renaud,pio.renaud395@gmail.com,362.75
396,Kafui-Sena Ahamada,kafui-sena.ahamada396@gmail.com,205.2
397,Emmanuel Nemr,emmanuel.nemr397@gmail.com,134.11
398,Hector Turner,hector.turner398@gmail.com,230.72
399,Wayne Gogiberidze,wayne.gogiberidze399@gmail.com,384.37
400,James Kartini,james.kartini400@icloud.com,76.61
401,Lamiyə Kristiansen,lamiyə.kristiansen401@yahoo.com,270.74
402,Moana Taal,moana.taal402@sbcglobal.net,223.85
403,Lenni Salii,lenni.salii403@yahoo.com,255.53
404,Garfield Pastor,garfield.pastor404@icloud.com,143.78
405,Esra Al-Hassan,esra.al-hassan405@yahoo.com,164.26
406,Nokuthula George,nokuthula.george406@gmail.com,144.95
407,Geeta Harris,geeta.harris407@gmail.com,295.43
408,Nova Bukovský,nova.bukovský408@icloud.com,224.21
409,Hannah Adjovi,hannah.adjovi409@yahoo.com,46.9
410,Faisal Assefa,faisal.assefa410@sbcglobal.net,246.52
411,Santosh Tokam,santosh.tokam411@outlook.com,105.18
412,Rachid Seif,rachid.seif412@icloud.com,206.16
413,Mariam Sethi,mariam.sethi413@icloud.com,343.63
414,Kalevi Zeka,kalevi.zeka414@gmail.com,99.81
415,Ingrid Savenko,ingrid.savenko415@gmail.com,32.84
416,Jennifer Iseli,jennifer.iseli416@outlook.com,160.9
417,Jennifer El Mokaddem,jennifer.el mokaddem417@icloud.com,151.14
418,Martha Martinelli,martha.martinelli418@gmail.com,203.83
419,Lorena Al-Rifai,lorena.al-rifai419@icloud.com,70.29
420,Jahongir D'Silva,jahongir.d'silva420@icloud.com,28.84
421,Rahaf Kalmatov,rahaf.kalmatov421@icloud.com,272.64
422,Dane Athanasiou,dane.athanasiou422@zoho.com,196.68
423,Vernon Worku,vernon.worku423@gmail.com,338.06
424,Karma Fika,karma.fika424@gmail.com,343.47
425,Lucas Wells,lucas.wells425@hotmail.com,251.53
426,Xiaoqing Ahmeti,xiaoqing.ahmeti426@icloud.com,105.52
427,Nomin Beganović,nomin.beganović427@gmail.com,454.24
428,Pierre Banda,pierre.banda428@gmail.com,275.42
429,Segametsi Servant,segametsi.servant429@gmail.com,295.79
430,Mujib Barrera,mujib.barrera430@gmail.com,188.91
431,Mark Nelson,mark.nelson431@icloud.com,416.79
432,Roberto Collins,roberto.collins432@gmail.com,278.1
433,Yrjö Mora,yrjö.mora433@gmail.com,324.92
434,Samuel Ramos,samuel.ramos434@gmail.com,411.26
435,Louis Modi,louis.modi435@icloud.com,138.18
436,Priska Gonsalves,priska.gonsalves436@gmail.com,404.29
437,Edith Lovera,edith.lovera437@gmail.com,375.86
438,Karla Ndzimandze,karla.ndzimandze438@gmail.com,384.24
439,Otsile Marques,otsile.marques439@icloud.com,182.82
440,Hong Hountondji,hong.hountondji440@hotmail.com,116.1
441,Selma Marshall,selma.marshall441@icloud.com,50.1
442,Rocío Diaz,rocío.diaz442@gmail.com,230.98
443,Monika Ballard,monika.ballard443@gmail.com,358.81
444,Githinji Malý,githinji.malý444@gmail.com,143.74
445,Milan Lunde,milan.lunde445@hotmail.com,158.16
446,Nozipho McCoy,nozipho.mccoy446@gmail.com,336.13
447,Gemma Davis,gemma.davis447@aol.com,196.62
448,Wendy Koufos,wendy.koufos448@icloud.com,224.52
449,Menaka Cairat,menaka.cairat449@gmail.com,150.13
450,Emilio Brooks,emilio.brooks450@gmail.com,38.05
451,Liku Spencer,liku.spencer451@gmail.com,50.52
452,Valentina Laine,valentina.laine452@aol.com,309.18
453,Andrés Thitirat,andrés.thitirat453@outlook.com,225.23
454,Sophia Helder,sophia.helder454@icloud.com,345.92
455,August Roberts,august.roberts455@gmail.com,296.2
456,Dana Njitap,dana.njitap456@yahoo.com,158.26
457,Aija Saysana,aija.saysana457@gmail.com,578.9
458,Shilpa Stanojević,shilpa.stanojević458@gmail.com,9.01
459,Ante Naranjo,ante.naranjo459@gmail.com,14.62
460,Emily Treffers,emily.treffers460@gmail.com,302.83
461,Minahil Moreau,minahil.moreau461@gmail.com,139.53
462,Amal Brynjarsson,amal.brynjarsson462@yahoo.com,361.37
463,Basiru Okoth,basiru.okoth463@icloud.com,83.7
464,Harun Te Whetu,harun.te whetu464@yahoo.com,124.08
465,Harold Chkhaidze,harold.chkhaidze465@gmail.com,134.72
466,Hadrami Gebrezgiabher,hadrami.gebrezgiabher466@gmail.com,284.89
467,Katherine Bertrand,katherine.bertrand467@icloud.com,348.93
468,Myong Johansson,myong.johansson468@gmail.com,81.96
469,Stanislav Recalde,stanislav.recalde469@gmail.com,65.55
470,Thiago Ndirangu,thiago.ndirangu470@gmail.com,677.84
471,Tewodros Adegoke,tewodros.adegoke471@icloud.com,378.45
472,Asif Simon,asif.simon472@gmail.com,214.75
473,Xiong Fonseca,xiong.fonseca473@gmail.com,184.26
474,Githui Köhler,githui.köhler474@icloud.com,233.65
475,Nurdin St. Bernard,nurdin.st. bernard475@me.com,93.74
476,Yeabeh Shareef,yeabeh.shareef476@gmail.com,270.1
477,Lisa Louisy,lisa.louisy477@gmail.com,115.81
478,Kalilu Rochemont,kalilu.rochemont478@gmail.com,215.78
479,Lamia Elmustafa,lamia.elmustafa479@gmail.com,358.26
480,Bianca Ajavon,bianca.ajavon480@gmail.com,608.4
481,Joel Dadui,joel.dadui481@icloud.com,172.03
482,Liam Ribeiro,liam.ribeiro482@proton.me,193.78
483,John Navarro,john.navarro483@yahoo.com,333.96
484,Gabriel Brandao,gabriel.brandao484@gmail.com,362.98
485,Nematullah Al-Shaqsi,nematullah.al-shaqsi485@gmail.com,394.38
486,Piva Haoda,piva.haoda486@gmail.com,124.69
487,Richard Le Brocq,richard.le brocq487@icloud.com,187.35
488,Yan Myo Yamada,yan myo.yamada488@icloud.com,61.49
489,Signe Felix,signe.felix489@gmail.com,306.95
490,Romane Yougbaré,romane.yougbaré490@gmail.com,433.2
491,Sandra Shammas,sandra.shammas491@gmail.com,238.68
492,Maimouna Antanaitis,maimouna.antanaitis492@gmail.com,128.9
493,Amie Hill,amie.hill493@outlook.com,93.93
494,Taratau Mungur,taratau.mungur494@icloud.com,346.91
495,Akeem Ramogapi,akeem.ramogapi495@gmail.com,41.85
496,Bernadette Björnsdóttir,bernadette.björnsdóttir496@gmail.com,192.5
497,Mahyar Brown,mahyar.brown497@gmail.com,92.46
498,Hao Kaba,hao.kaba498@gmail.com,395.71
499,Mauro Martínez,mauro.martínez499@me.com,61.92
500,Yara Yazami,yara.yazami500@gmail.com,345.39
501,Clara Bhattarai,clara.bhattarai501@gmail.com,421.1
502,Ruhumuliza Antal,ruhumuliza.antal502@yahoo.com,322.8
503,Hanim Petrović,hanim.petrović503@icloud.com,4.82
504,Edgar Baldé,edgar.baldé504@gmail.com,335.93
505,Pauline Ould Abdallah,pauline.ould abdallah505@gmail.com,212.28
506,Ella Ntai,ella.ntai506@aol.com,371.41
507,Nurbek Kalo,nurbek.kalo507@gmail.com,204.92
508,Darko Sobers,darko.sobers508@icloud.com,351.8
509,Samia Sørensen,samia.sørensen509@gmail.com,205.95
510,Walter Poon,walter.poon510@live.com,68.32
511,Gembo Coll,gembo.coll511@gmail.com,347.16
512,Tehina Miranda,tehina.miranda512@gmail.com,319.27
513,Lars Magras,lars.magras513@yahoo.com,284.96
514,Shazreen Choque,shazreen.choque514@gmail.com,91.53
515,Edith Molnárné,edith.molnárné515@gmail.com,143.66
516,Catalina Peçi,catalina.peçi516@icloud.com,187.27
517,Maria Quarshie,maria.quarshie517@gmail.com,366.59
518,Verónica Moithuti,verónica.moithuti518@gmail.com,339.97
519,Jaroslav Thamrong,jaroslav.thamrong519@gmail.com,327.1
520,Ronald Okoye,ronald.okoye520@icloud.com,324.43
521,Gisèle Johnston,gisèle.johnston521@gmail.com,298.94
522,Victor Liepnieks,victor.liepnieks522@gmail.com,367.94
523,Janez Brunner,janez.brunner523@gmail.com,83.16
524,Amirul Othman,amirul.othman524@gmail.com,116.92
525,Lan Azemia,lan.azemia525@hotmail.com,103.43
526,Gökhan Tan,gökhan.tan526@icloud.com,205.95
527,Jean Mahjoub,jean.mahjoub527@gmail.com,310.22
528,Farai Nxumalo,farai.nxumalo528@outlook.com,314.22
529,Jógvan Carr,jógvan.carr529@yahoo.com,233.37
530,Thant Cobzac,thant.cobzac530@att.net,283.88
531,Kimberly Chambilla,kimberly.chambilla531@icloud.com,318.48
532,Christine Williams,christine.williams532@gmail.com,390.98
533,Åse Marshall,åse.marshall533@gmail.com,144.55
534,Hugo Mazina,hugo.mazina534@icloud.com,297.83
535,Colette Sancho,colette.sancho535@icloud.com,117.96
536,Jeffrey Guerra,jeffrey.guerra536@icloud.com,221.32
537,Emma Ly,emma.ly537@gmail.com,240.31
538,Pau Böhm,pau.böhm538@gmail.com,35.08
539,Lorraine Konovalov,lorraine.konovalov539@live.com,154.35
540,Tuulia Samatar,tuulia.samatar540@icloud.com,60.79
541,Hassane Ots,hassane.ots541@gmail.com,106.67
542,Nikodem Djaglo,nikodem.djaglo542@yahoo.com,150.55
543,Michelle Vázquez,michelle.vázquez543@icloud.com,51.09
544,Jason Ercolani,jason.ercolani544@gmail.com,183
545,Keith Bochner,keith.bochner545@icloud.com,418.96
546,Sithu Min Kiprop,sithu min.kiprop546@hotmail.com,499.97
547,Komla Todorov,komla.todorov547@icloud.com,282.6
548,Salvador Pena,salvador.pena548@outlook.com,516.56
549,Hawa Maldonado,hawa.maldonado549@gmail.com,241.75
550,Carolyn Sandoval,carolyn.sandoval550@gmail.com,281.62
551,Susan Sint Jago,susan.sint jago551@yahoo.com,115.56
552,Hussain Ramdass,hussain.ramdass552@gmail.com,88.61
553,Taborti Rochester,taborti.rochester553@gmail.com,272.9
554,Cristiano Mzali,cristiano.mzali554@gmail.com,269.11
555,Povilas Nepal,povilas.nepal555@outlook.com,4.19
556,Lester Ruud,lester.ruud556@icloud.com,61.21
557,Faizal Ould Hamza,faizal.ould hamza557@gmail.com,260.98
558,Saturnino Na Faten,saturnino.na faten558@icloud.com,139.9
559,Shamsa Vecchio,shamsa.vecchio559@icloud.com,137.56
560,Nadir Jones,nadir.jones560@gmail.com,201.57
561,Elise Ciobanu,elise.ciobanu561@icloud.com,69.52
562,Ada Henderson,ada.henderson562@gmail.com,264.76
563,Pan Hayes,pan.hayes563@icloud.com,6.72
564,Caleb Czajkowski,caleb.czajkowski564@hotmail.com,121.19
565,Kolade Vītols,kolade.vītols565@hotmail.com,329.95
566,Celine Tazi Sadeq,celine.tazi sadeq566@gmail.com,106.49
567,Monika Au,monika.au567@me.com,177.05
568,Fern Craig,fern.craig568@icloud.com,283.19
569,Lwin Moe Serra,lwin moe.serra569@outlook.com,175.07
570,Fjolla Beekhun,fjolla.beekhun570@hotmail.com,225.87
571,Ashley Clarke,ashley.clarke571@gmail.com,244.53
572,Ravi Ihaia,ravi.ihaia572@proton.me,44.68
573,Christopher Hancco,christopher.hancco573@comcast.net,230.1
574,Sulayman Chidzonga,sulayman.chidzonga574@icloud.com,484.4
575,Hein Erichsen,hein.erichsen575@gmail.com,266.17
576,Inès Mogae,inès.mogae576@gmail.com,185.02
577,Viviana Le Hegarat,viviana.le hegarat577@gmail.com,270.64
578,Arzu Silwal,arzu.silwal578@gmail.com,322.36
579,Jurate Dodon,jurate.dodon579@gmail.com,297.22
580,'Elenoa Jensen,'elenoa.jensen580@icloud.com,217.1
581,Sander Ursu,sander.ursu581@yahoo.com,210.26
582,Aurélio Bennett,aurélio.bennett582@gmail.com,81.38
583,Constantino Johnson,constantino.johnson583@gmail.com,441.5
584,Yioula Andrade,yioula.andrade584@icloud.com,247.76
585,Marianthi Levi,marianthi.levi585@icloud.com,245.58
586,Yanka Pean,yanka.pean586@gmail.com,255.32
587,Richárd Forsythe,richárd.forsythe587@hotmail.com,206.85
588,Miia Benjamin,miia.benjamin588@gmail.com,386.35
589,Thisara Evans,thisara.evans589@icloud.com,123.75
590,Lama Vilaire,lama.vilaire590@gmail.com,164.32
591,Nay Chamara,nay.chamara591@gmail.com,17.67
592,Laura Jenkins,laura.jenkins592@icloud.com,134.79
593,Magdalena Costas,magdalena.costas593@outlook.com,281.63
594,Munir Marais,munir.marais594@gmail.com,35.35
595,Michael Smith,michael.smith595@hotmail.com,82.46
596,Pratik Saliba,pratik.saliba596@gmail.com,307.73
597,Paul Gilbert,paul.gilbert597@gmail.com,525.51
598,Cecilia Jarrar,cecilia.jarrar598@gmail.com,299.53
599,Timothy Molina,timothy.molina599@gmail.com,225.99
600,Tènè Bernard,tènè.bernard600@icloud.com,277.26
601,Dwight Ndalama,dwight.ndalama601@icloud.com,280.49
602,Rafael Pal,rafael.pal602@gmail.com,283.68
603,Gloriana Nunes,gloriana.nunes603@gmail.com,295.21
604,Philibert Theodore,philibert.theodore604@icloud.com,108.98
605,Leilani Roble,leilani.roble605@yahoo.com,196.77
606,Caleb Al Khaili,caleb.al khaili606@icloud.com,41.47
607,Victoire Karimi,victoire.karimi607@gmail.com,60.03
608,Erik Baranov,erik.baranov608@icloud.com,240.8
609,Markéta Turnbull,markéta.turnbull609@icloud.com,12.84
610,Ruth May,ruth.may610@icloud.com,407.14
611,Joëlle Webster,joëlle.webster611@icloud.com,290.81
612,Dilnoza Conner,dilnoza.conner612@gmail.com,86.36
613,Mawusi Ward,mawusi.ward613@gmail.com,217.67
614,Carlos Desrosiers,carlos.desrosiers614@gmail.com,19.38
615,Willem Samuel,willem.samuel615@aol.com,65.24
616,Souad Reid,souad.reid616@gmail.com,328.09
617,Amogelang De Santis,amogelang.de santis617@gmail.com,89.44
618,Abelardo Terubea,abelardo.terubea618@gmail.com,293.71
619,Ramon Kalisa,ramon.kalisa619@gmail.com,231.25
620,Vanessa Tal,vanessa.tal620@gmail.com,200.85
621,Maxime Ghazali,maxime.ghazali621@icloud.com,500.43
622,Daniel Bibi,daniel.bibi622@gmail.com,30.16
623,Aitana Alizada,aitana.alizada623@icloud.com,200.47
624,Vaja Penjor,vaja.penjor624@icloud.com,328.59
625,Russell Tanimoune,russell.tanimoune625@gmail.com,274.26
626,Kiaku Nsibandze,kiaku.nsibandze626@gmail.com,263.29
627,Martín Salvatierra,martín.salvatierra627@gmail.com,154.1
628,Daniel Horvat,daniel.horvat628@icloud.com,208.38
629,Véronique Đurić,véronique.đurić629@live.com,27.59
630,Jazlan Illés,jazlan.illés630@outlook.com,180.45
631,Ismail Rogers,ismail.rogers631@comcast.net,66.99
632,Maya Figueroa,maya.figueroa632@icloud.com,503.69
633,Anwar O'Reilly,anwar.o'reilly633@yahoo.com,291.6
634,Stella Andrade,stella.andrade634@icloud.com,132.36
635,Abraha Mustafić,abraha.mustafić635@gmail.com,41.84
636,Efim Goodman,efim.goodman636@gmail.com,93.67
637,Shukur Oyunsuren,shukur.oyunsuren637@outlook.com,233.52
638,Milagro Howard,milagro.howard638@gmail.com,182.34
639,Christian Sharmarke,christian.sharmarke639@outlook.com,164.16
640,Stanko Kifle,stanko.kifle640@me.com,167.06
641,Jae-bum Gray,jae-bum.gray641@gmail.com,210.53
642,Halima Nazarbekova,halima.nazarbekova642@icloud.com,194.14
643,Antonio Winarno,antonio.winarno643@gmail.com,177.19
644,Oana Nord,oana.nord644@gmail.com,229.27
645,Maryam Harrison,maryam.harrison645@gmail.com,485.21
646,Inaam Idris,inaam.idris646@icloud.com,267.89
647,Rylee George,rylee.george647@hotmail.com,427.94
648,Marwa Magnússon,marwa.magnússon648@outlook.com,169.6
649,Josean Tebao,josean.tebao649@gmail.com,141.62
650,Suchada Cho,suchada.cho650@gmail.com,257.81
651,Salvador Griffin,salvador.griffin651@gmail.com,33.64
652,Chathuri Umarov,chathuri.umarov652@gmail.com,536.34
653,Janice Jakobsen,janice.jakobsen653@gmail.com,5.36
654,Carla Gulea,carla.gulea654@icloud.com,261.7
655,Kossivi Martin,kossivi.martin655@gmail.com,257.55
656,Shristi Kruk,shristi.kruk656@gmail.com,5.61
657,Laila Durand,laila.durand657@gmail.com,338.71
658,Jesika Gabriel,jesika.gabriel658@gmail.com,376.01
659,Nabiha Marini,nabiha.marini659@gmail.com,83.84
660,Ruth Sann,ruth.sann660@aol.com,175.58
661,Anok Mane,anok.mane661@me.com,198.49
662,Isuru Riek,isuru.riek662@icloud.com,207.98
663,Carmel Galindo,carmel.galindo663@outlook.com,6.65
664,Jozef Mohamed,jozef.mohamed664@gmail.com,140.97
665,Habibou Panya,habibou.panya665@gmail.com,439.71
666,Frances Yon,frances.yon666@gmail.com,332.95
667,Karel Prevatt,karel.prevatt667@icloud.com,78.56
668,Edward Gomes,edward.gomes668@icloud.com,163.66
669,Sandun Osman,sandun.osman669@outlook.com,351.83
670,Nour Kamwendo,nour.kamwendo670@icloud.com,391.42
671,John Ishida,john.ishida671@hotmail.com,232.6
672,Londiwe Yu,londiwe.yu672@icloud.com,379.67
673,Dariusz Gérard,dariusz.gérard673@aol.com,223.67
674,Shafiqa Kamel,shafiqa.kamel674@yahoo.com,314.31
675,Mitieli Guo,mitieli.guo675@gmail.com,102.22
676,Tsehay Al Hammadi,tsehay.al hammadi676@icloud.com,357.05
677,Bilal Yusof,bilal.yusof677@gmail.com,416.74
678,Brian Tharanga,brian.tharanga678@gmail.com,0.83
679,Ronaldo Tate,ronaldo.tate679@icloud.com,435.46
680,Genevieve Calliste,genevieve.calliste680@gmail.com,88.6
681,Zahra Walton,zahra.walton681@gmail.com,28.92
682,Laura Khalifa,laura.khalifa682@outlook.com,304.39
683,Laura Refat,laura.refat683@gmail.com,334.19
684,Carolina Aubin,carolina.aubin684@gmail.com,111.04
685,Aziz Olatunde,aziz.olatunde685@gmail.com,125.44
686,Luciano Farhat,luciano.farhat686@outlook.com,269.28
687,Clarissa Nangolo,clarissa.nangolo687@icloud.com,196.41
688,Sara Ghio,sara.ghio688@icloud.com,406.82
689,Ulima Ceka,ulima.ceka689@gmail.com,288.29
690,Heriberto Rogers,heriberto.rogers690@gmail.com,148.51
691,Ibrahim Rodríguez,ibrahim.rodríguez691@icloud.com,204.3
692,Catherine Sánchez,catherine.sánchez692@yahoo.com,379.11
693,Elijah Ahmetović,elijah.ahmetović693@gmail.com,13.37
694,Caleb Blanc,caleb.blanc694@gmail.com,310.57
695,Hassan Guzman,hassan.guzman695@gmail.com,360.82
696,Vlaďka Malaj,vlaďka.malaj696@icloud.com,82.82
697,Felicia Fallah,felicia.fallah697@gmail.com,66.36
698,Janja Stankov,janja.stankov698@outlook.com,233.84
699,Todor Rousseau,todor.rousseau699@gmail.com,313.05
700,Rogier Hersi,rogier.hersi700@icloud.com,107.03
701,Manuel Sibomana,manuel.sibomana701@outlook.com,180.52
702,Ronel Roy,ronel.roy702@icloud.com,348.01
703,Djamila Stokes,djamila.stokes703@gmail.com,190.13
704,Fredy Morais,fredy.morais704@outlook.com,140.92
705,Eddy Potapov,eddy.potapov705@gmail.com,107.35
706,Delmy Martin,delmy.martin706@icloud.com,134.78
707,Úrsula Nededog,úrsula.nededog707@gmail.com,77.09
708,Oybek Lawrence,oybek.lawrence708@gmail.com,305.56
709,Slimane Güler,slimane.güler709@gmail.com,3.67
710,Umar Yassine,umar.yassine710@gmail.com,173.95
711,Scott Ward,scott.ward711@yahoo.com,328.93
712,Martha Villalba,martha.villalba712@gmail.com,161.75
713,Soula Durand,soula.durand713@icloud.com,310.61
714,Damien Lyimo,damien.lyimo714@icloud.com,78.6
715,Teiti Dabo,teiti.dabo715@outlook.com,241.49
716,Tomás Fowler,tomás.fowler716@gmail.com,344.47
717,Camila Jenkins,camila.jenkins717@icloud.com,129.31
718,Curtis Andrianjafy,curtis.andrianjafy718@gmail.com,456.17
719,Laura Fall,laura.fall719@gmail.com,374.18
720,Fareed Sena,fareed.sena720@gmail.com,172.98
721,Marzhan Corona,marzhan.corona721@gmail.com,357.91
722,Siaka Campos,siaka.campos722@outlook.com,542.66
723,Rashid Al Aali,rashid.al aali723@icloud.com,217.09
724,Nestan Rúnarsson,nestan.rúnarsson724@gmail.com,119.87
725,Kemo Kjellberg,kemo.kjellberg725@outlook.com,94.86
726,María Ramirez,maría.ramirez726@gmail.com,268.34
727,Kevin Reth,kevin.reth727@yahoo.com,397.08
728,Nicolae Banny,nicolae.banny728@gmail.com,107.56
729,Noura Holvik,noura.holvik729@icloud.com,144.2
730,Nadia Pago,nadia.pago730@gmail.com,250.91
731,Susan Russell,susan.russell731@gmail.com,234.96
732,Miriam Berggren,miriam.berggren732@gmail.com,282.7
733,Vigga Berg,vigga.berg733@gmail.com,422.18
734,Áki Abdelrahman,áki.abdelrahman734@gmail.com,96.85
735,Sarah Laroche,sarah.laroche735@gmail.com,214.34
736,Harrison Griffin,harrison.griffin736@gmail.com,247.66
737,Milan Espírito Santo,milan.espírito santo737@gmail.com,310.62
738,Lorenzo Wu,lorenzo.wu738@gmail.com,238.25
739,Adeola Johnson,adeola.johnson739@icloud.com,250.36
740,Delia Watkins,delia.watkins740@gmail.com,30.94
741,Aisha Elshazli,aisha.elshazli741@icloud.com,309.18
742,Branko Komproe,branko.komproe742@verizon.net,176.51
743,Bernardo Borkowski,bernardo.borkowski743@icloud.com,313.34
744,Aleš Frank,aleš.frank744@gmail.com,64.98
745,Fabrice Jean-Baptiste,fabrice.jean-baptiste745@icloud.com,3.42
746,Manuela Morini,manuela.morini746@yahoo.com,57.85
747,Françoise Thura,françoise.thura747@gmail.com,399.82
748,Nancy Booth,nancy.booth748@hotmail.com,87.04
749,Silas Pourier,silas.pourier749@gmail.com,285.43
750,Sébastien Kavčnik,sébastien.kavčnik750@aol.com,412.38
751,Dzigbodi Wesley,dzigbodi.wesley751@gmail.com,111.34
752,Nuria Garrido,nuria.garrido752@outlook.com,154.97
753,Daniel Ferguson,daniel.ferguson753@aol.com,380.44
754,Emma Mohan,emma.mohan754@outlook.com,145.95
755,Thida Kabuati,thida.kabuati755@yahoo.com,355.33
756,Georg Del Rosario,georg.del rosario756@live.com,372.43
757,Cecylia Talagi,cecylia.talagi757@gmail.com,219.86
758,Jennifer Rivero,jennifer.rivero758@hotmail.com,93.55
759,Sonia Cruz,sonia.cruz759@gmail.com,77.18
760,Jung-hwa Cifra,jung-hwa.cifra760@gmail.com,95.39
761,Scott Tucker,scott.tucker761@gmail.com,445.34
762,Ludvig Mason,ludvig.mason762@icloud.com,336.38
763,Eleanor Mashaka,eleanor.mashaka763@live.com,272.56
764,Wei Lun Carpenter,wei lun.carpenter764@icloud.com,114.44
765,Sindi Singleton,sindi.singleton765@gmail.com,102.54
766,Mahjabin Athanasopoulos,mahjabin.athanasopoulos766@gmail.com,402.61
767,Madison Ustinov,madison.ustinov767@gmail.com,294.08
768,Rásin Te Hau,rásin.te hau768@hotmail.com,142.19
769,Francisca Porter,francisca.porter769@gmail.com,321.53
770,Armand Pratap,armand.pratap770@gmail.com,225.72
771,Amir Tomić,amir.tomić771@gmail.com,383.76
772,Kevin Daniel,kevin.daniel772@me.com,158.26
773,Hubert Marino,hubert.marino773@gmail.com,94.53
774,Gathogo Gallardo,gathogo.gallardo774@gmail.com,284.98
775,Thapelo Hubbard,thapelo.hubbard775@icloud.com,77.89
776,Nusaiba Le Huquet,nusaiba.le huquet776@aol.com,48.24
777,Hassan Thammanoon,hassan.thammanoon777@gmail.com,314.59
778,Ugyen Christiansen,ugyen.christiansen778@icloud.com,76.8
779,Éric Laci,éric.laci779@yahoo.com,105.62
780,Kabelo Carmo,kabelo.carmo780@icloud.com,289.34
781,Yasin Al-Quqa,yasin.al-quqa781@outlook.com,327.82
782,Aleks Rizzi,aleks.rizzi782@icloud.com,409.55
783,Henry Kawasaki,henry.kawasaki783@gmail.com,483.65
784,Raymond Drupka,raymond.drupka784@hotmail.com,159.76
785,Ayub Berger,ayub.berger785@gmail.com,176.74
786,Nang Pham,nang.pham786@yahoo.com,301.22
787,Müge Van den Berg,müge.van den berg787@icloud.com,230.24
788,Brittany Aguilar,brittany.aguilar788@gmail.com,365.66
789,Kaur Ahlström,kaur.ahlström789@icloud.com,546.8
790,Sze Ying Anastasovski,sze ying.anastasovski790@outlook.com,116.27
791,Lee-teuk Ayala,lee-teuk.ayala791@gmail.com,162.64
792,Muntadher Ramagge,muntadher.ramagge792@icloud.com,338.93
793,Nestor Mukantwali,nestor.mukantwali793@gmail.com,153.43
794,Mabel Jereb,mabel.jereb794@icloud.com,258.77
795,Inmaculada Gruber,inmaculada.gruber795@icloud.com,256.33
796,Didier Mugisha,didier.mugisha796@gmail.com,390.39
797,Elaine Linval,elaine.linval797@me.com,427.93
798,Sylvia Rimpel,sylvia.rimpel798@gmail.com,18.17
799,Latifah Al-Masri,latifah.al-masri799@gmail.com,335.35
800,Saul Shaked,saul.shaked800@icloud.com,427.76
801,Ganbaatar White,ganbaatar.white801@outlook.com,336.28
802,Bayardo Alebua,bayardo.alebua802@icloud.com,329.43
803,Isabella Bates,isabella.bates803@icloud.com,284.22
804,Augustin Suero,augustin.suero804@gmail.com,69.22
805,Olivera Sanderson,olivera.sanderson805@icloud.com,368.04
806,Lotoala Antoci,lotoala.antoci806@gmail.com,211.8
807,Jean Yakovenko,jean.yakovenko807@icloud.com,200.75
808,Rachel Rimon,rachel.rimon808@icloud.com,99.72
809,Heivai Zardari,heivai.zardari809@icloud.com,23.68
810,Joshua Al-Maawali,joshua.al-maawali810@yahoo.com,225.16
811,Mauricio Torres,mauricio.torres811@charter.net,360.75
812,Lily Kuusk,lily.kuusk812@gmail.com,496.47
813,Viliami Rogić,viliami.rogić813@icloud.com,50.15
814,Rose Ohana,rose.ohana814@icloud.com,146.3
815,Sandra Lam,sandra.lam815@gmail.com,49.38
816,Malakai Pérez,malakai.pérez816@sbcglobal.net,210.42
817,Lyubomir Samour,lyubomir.samour817@gmail.com,251.03
818,Theo Hodge-Lake,theo.hodge-lake818@gmail.com,56.41
819,Hoda Rini,hoda.rini819@gmail.com,196.59
820,Ntim Hermansen,ntim.hermansen820@gmail.com,36.42
821,Bankole Mohamed,bankole.mohamed821@outlook.com,302.38
822,Vanessa Al Nuaimi,vanessa.al nuaimi822@gmail.com,406.69
823,Frank Antwi,frank.antwi823@gmail.com,415.64
824,Peter Mbombo,peter.mbombo824@gmail.com,267.45
825,Alban Núñez,alban.núñez825@icloud.com,330.86
826,Dheena Leontiev,dheena.leontiev826@outlook.com,108.3
827,Zdzisława Tchong,zdzisława.tchong827@outlook.com,356.72
828,Camila Orange,camila.orange828@gmail.com,247.38
829,Gary El Fakir,gary.el fakir829@gmail.com,431.61
830,Alicia Knight,alicia.knight830@gmail.com,178.62
831,Solofo Al-Sharji,solofo.al-sharji831@icloud.com,280.53
832,Ida Libah,ida.libah832@icloud.com,383.88
833,Patricio Sadiq,patricio.sadiq833@gmail.com,156.04
834,Jalil Rashid,jalil.rashid834@icloud.com,153.26
835,Samuel Mikhailov,samuel.mikhailov835@yahoo.com,287.42
836,Cécile Lyatuu,cécile.lyatuu836@hotmail.com,313.41
837,Leo Abu Safiya,leo.abu safiya837@outlook.com,412.05
838,Salah Mahachi,salah.mahachi838@yahoo.com,192.12
839,Andrew Vashakidze,andrew.vashakidze839@gmail.com,112.33
840,Keisha Ibrahim,keisha.ibrahim840@gmail.com,67.61
841,Nakato Franco,nakato.franco841@me.com,571.02
842,Clinton Pwakai,clinton.pwakai842@gmail.com,541.78
843,Rochelle Nébié,rochelle.nébié843@yahoo.com,265.72
844,Paraskeva Lumumba,paraskeva.lumumba844@icloud.com,4.08
845,Sylvie Saeed,sylvie.saeed845@gmail.com,165.4
846,Davíð Woodcock,davíð.woodcock846@gmail.com,458.51
847,Natalia Tuqiri,natalia.tuqiri847@gmail.com,232.38
848,Emanuel Blanchard,emanuel.blanchard848@gmail.com,111.59
849,Thongsavanh Montout,thongsavanh.montout849@gmail.com,256.17
850,Laura Charles,laura.charles850@gmail.com,430.87
851,Falmata Gregoriadis,falmata.gregoriadis851@icloud.com,238.76
852,Boubacar Ferrara,boubacar.ferrara852@gmail.com,302.31
853,Ayumi Le Lievre,ayumi.le lievre853@yahoo.com,483.97
854,Celeste Bukuru,celeste.bukuru854@gmail.com,109.97
855,Steven Tahay,steven.tahay855@yahoo.com,75.46
856,Layla Konaté,layla.konaté856@gmail.com,90.93
857,Raynold Mejri,raynold.mejri857@gmail.com,173.41
858,Joanna Palmitjavila,joanna.palmitjavila858@hotmail.com,238.17
859,Shama Barnett,shama.barnett859@gmail.com,265.57
860,Riham Gallegos,riham.gallegos860@gmail.com,85.86
861,Luca Byaruhanga,luca.byaruhanga861@gmail.com,327.54
862,Helena Lecren,helena.lecren862@gmail.com,136.41
863,Goodness Torres,goodness.torres863@gmail.com,262.21
864,Amos Tkachenko,amos.tkachenko864@gmail.com,0.29
865,Joo-hee Mou,joo-hee.mou865@gmail.com,336.84
866,Sharmila Vikström,sharmila.vikström866@gmail.com,474.62
867,Saad Ansari,saad.ansari867@gmail.com,470.01
868,Urantsetseg Holm,urantsetseg.holm868@gmail.com,10.64
869,Mariama Ramolefe,mariama.ramolefe869@yahoo.com,273.61
870,Vincent Kinyanjui,vincent.kinyanjui870@gmail.com,140.63
871,Ismael Greene,ismael.greene871@yahoo.com,131
872,Minna Martin,minna.martin872@gmail.com,82.72
873,Ho-il Bédié,ho-il.bédié873@gmail.com,26.57
874,Richard Mikutis,richard.mikutis874@gmail.com,112.62
875,Flor Sun,flor.sun875@gmail.com,276.17
876,Ingigerður Williams,ingigerður.williams876@hotmail.com,96.5
877,Soda Kovács,soda.kovács877@gmail.com,104.71
878,Yuya Koren,yuya.koren878@icloud.com,75.95
879,Korent Leste,korent.leste879@gmail.com,156.31
880,Mandla Mourad,mandla.mourad880@gmail.com,12.9
881,Megumi Ismael,megumi.ismael881@icloud.com,173.33
882,Nakayiza Soto,nakayiza.soto882@gmail.com,361.71
883,Alberto Dankwa,alberto.dankwa883@gmail.com,251.38
884,Midori Nishida,midori.nishida884@gmail.com,391.61
885,Lorenzo Mushi,lorenzo.mushi885@icloud.com,68.93
886,Bismarck Robbins,bismarck.robbins886@gmail.com,162.01
887,Saraswati Joseph,saraswati.joseph887@gmail.com,277.65
888,María Elena Hellström,maría elena.hellström888@gmail.com,363.27
889,Mikko Medina,mikko.medina889@gmail.com,201.53
890,Donald Panagiotopoulos,donald.panagiotopoulos890@hotmail.com,342.26
891,Nthiwa Mbalame,nthiwa.mbalame891@icloud.com,54.78
892,Yendoube Gerasimov,yendoube.gerasimov892@icloud.com,279.65
893,Holger Mwansoko,holger.mwansoko893@gmail.com,184.93
894,Losa Hawkins,losa.hawkins894@hotmail.com,102.4
895,Kalyani Moran,kalyani.moran895@gmail.com,214.72
896,Hani Watson,hani.watson896@icloud.com,116.28
897,Guy Muñoz,guy.muñoz897@hotmail.com,267.52
898,Padma Crespo,padma.crespo898@icloud.com,250.95
899,Óla Madhuku,óla.madhuku899@gmail.com,298.13
900,Margarita Lloyd,margarita.lloyd900@gmail.com,412.53
901,Eremasi Jackson,eremasi.jackson901@icloud.com,366.67
902,Yi Ting Mohammed,yi ting.mohammed902@gmail.com,270.26
903,Mohiruh Kirkov,mohiruh.kirkov903@icloud.com,462.22
904,Makelesi Cai,makelesi.cai904@gmail.com,224.47
905,Marko Moore,marko.moore905@icloud.com,130.33
906,Valon Cervantes,valon.cervantes906@gmail.com,38.4
907,Jonathan Moïse,jonathan.moïse907@yahoo.com,207.32
908,Michael John,michael.john908@yahoo.com,314.01
909,Leila İnan,leila.i̇nan909@icloud.com,284.74
910,Min Thant Campbell,min thant.campbell910@live.com,389.04
911,John Ismaili,john.ismaili911@gmail.com,295.3
912,Makayla Perrin,makayla.perrin912@gmail.com,516.75
913,Pei Shan Alanoca,pei shan.alanoca913@icloud.com,38.16
914,Carmen Sultana,carmen.sultana914@icloud.com,294.76
915,Rosa Ravalomanana,rosa.ravalomanana915@icloud.com,142.37
916,Bassam Becerra,bassam.becerra916@gmail.com,324.22
917,Hind Lachmising,hind.lachmising917@icloud.com,123.98
918,Lujza Collins,lujza.collins918@gmail.com,156.82
919,Henderson Mosha,henderson.mosha919@gmail.com,330.11
920,Shobha Chigaru,shobha.chigaru920@gmail.com,379.83
921,Linnéa Maciulis,linnéa.maciulis921@icloud.com,270.14
922,Karim Atta,karim.atta922@icloud.com,134.17
923,Esala Peter,esala.peter923@icloud.com,382.67
924,Zulfiya Saquee,zulfiya.saquee924@outlook.com,74.92
925,Lorna Mosebo,lorna.mosebo925@gmail.com,165
926,Alith Le Prevost,alith.le prevost926@gmail.com,287.72
927,Bibiana Thongchai,bibiana.thongchai927@hotmail.com,246.7
928,Nurmammet Koprivica,nurmammet.koprivica928@outlook.com,454.43
929,Óscar Fleming,óscar.fleming929@gmail.com,421.93
930,Rochelle Sweilem,rochelle.sweilem930@icloud.com,246.97
931,Kuok Sane,kuok.sane931@yahoo.com,241.35
932,Irfan Razafindrahaja,irfan.razafindrahaja932@gmail.com,300.5
933,Kai Xuan Zieliński,kai xuan.zieliński933@gmail.com,155.55
934,Slavko Dumbuya,slavko.dumbuya934@icloud.com,373.96
935,Afua Donaldson,afua.donaldson935@gmail.com,343.17
936,Lea Tarawally,lea.tarawally936@gmail.com,14.16
937,Widi Dupuis,widi.dupuis937@gmail.com,233.29
938,Aldo Kerimov,aldo.kerimov938@icloud.com,165.48
939,Rose Collins,rose.collins939@hotmail.com,330.54
940,Lucien Clement,lucien.clement940@att.net,256.02
941,Kyong-sim Chakma,kyong-sim.chakma941@hotmail.com,147.81
942,Ehsanullah Pablo,ehsanullah.pablo942@icloud.com,72.77
943,Mathieu Yates,mathieu.yates943@gmail.com,477.81
944,Juni Grau,juni.grau944@icloud.com,93.88
945,Semen Pangelinan,semen.pangelinan945@gmail.com,105.32
946,Marisol Souare,marisol.souare946@gmail.com,292.44
947,Taha Martines,taha.martines947@gmail.com,113.22
948,Suzanne Gamedze,suzanne.gamedze948@gmail.com,103.22
949,Abdou-Kader Roux,abdou-kader.roux949@icloud.com,181.6
950,Manuel Rojas,manuel.rojas950@icloud.com,237.34
951,Emad Mbala,emad.mbala951@icloud.com,262.03
952,Alice Tiendrebeogo,alice.tiendrebeogo952@gmail.com,100.78
953,Embla Muñoz,embla.muñoz953@gmail.com,121.3
954,Eva Hadjiconstantinou,eva.hadjiconstantinou954@gmail.com,489.02
955,Joël Latheef,joël.latheef955@gmail.com,195.76
956,Tsion Karim,tsion.karim956@hotmail.com,104.07
957,Tanya Skalli,tanya.skalli957@me.com,547.05
958,Moustakim Doucouré,moustakim.doucouré958@icloud.com,392.84
959,Larisa Gregory,larisa.gregory959@gmail.com,229.34
960,Yeshi Loeto,yeshi.loeto960@gmail.com,156.01
961,Dienaba Langer,dienaba.langer961@icloud.com,584.95
962,Maha Elliot,maha.elliot962@gmail.com,252.61
963,Ramata Cowin,ramata.cowin963@outlook.com,148.48
964,Zixuan Al-Kufi,zixuan.al-kufi964@icloud.com,241.33
965,Zala Jakobsen,zala.jakobsen965@gmail.com,135.95
966,Fajar Arends,fajar.arends966@icloud.com,396.7
967,Klavdiya Haris,klavdiya.haris967@gmail.com,376.28
968,Irene Rosario,irene.rosario968@gmail.com,56.57
969,Marjorie Mpanju,marjorie.mpanju969@gmail.com,359.14
970,Tiboeti Sutton,tiboeti.sutton970@gmail.com,172.66
971,Krisztián Cardoso,krisztián.cardoso971@outlook.com,343.06
972,Manal Kong,manal.kong972@gmail.com,177.98
973,Anthony Mahinui,anthony.mahinui973@gmail.com,353.58
974,Tania Salim,tania.salim974@me.com,275.66
975,Chun Djobo,chun.djobo975@icloud.com,188.37
976,Juan Haibe,juan.haibe976@hotmail.com,111.81
977,Senior Peterson,senior.peterson977@gmail.com,175.43
978,Uma Su,uma.su978@gmail.com,591.9
979,Victoria Morales,victoria.morales979@cox.net,287.91
980,Passang Cupidon,passang.cupidon980@gmail.com,165.77
981,Mila Bryan,mila.bryan981@yahoo.com,541.8
982,Edīte Stanley,edīte.stanley982@gmail.com,274.08
983,Kum-ryon Andrew,kum-ryon.andrew983@icloud.com,343.03
984,Jade Janga,jade.janga984@gmail.com,384.66
985,Nambi Radcliffe,nambi.radcliffe985@icloud.com,349.08
986,Robert Diallo,robert.diallo986@gmail.com,460.07
987,Hafida Malmgren,hafida.malmgren987@gmail.com,299.01
988,Stefan Männiste,stefan.männiste988@gmail.com,122.37
989,Ulzhan Ruiz,ulzhan.ruiz989@gmail.com,328.61
990,Gabriel Cabrera,gabriel.cabrera990@gmail.com,307.98
991,Milić Gadid,milić.gadid991@hotmail.com,194.2
992,Solveiga Chin,solveiga.chin992@gmail.com,500.84
993,Qamar Espinoza,qamar.espinoza993@icloud.com,224.83
994,Lalita Lombard,lalita.lombard994@gmail.com,233.03
995,Melanie Evers,melanie.evers995@icloud.com,353.05
996,Kathy Yadav,kathy.yadav996@hotmail.com,274.16
997,Patrice Korsantia,patrice.korsantia997@gmail.com,78.97
998,Zhamilya Petek,zhamilya.petek998@gmail.com,50.79
999,Bakary Reis,bakary.reis999@outlook.com,279.23
1000,Tafadzwa Zetterström,tafadzwa.zetterström1000@icloud.com,129.84
